date,day_of_week
2023-01-01,Sunday
2023-01-02,Monday
2023-01-03,Tuesday
2023-01-04,Wednesday
2023-01-05,Thursday
2023-01-06,Friday
2023-01-07,Saturday
2023-01-08,Sunday
2023-01-09,Monday
2023-01-10,Tuesday
2023-01-11,Wednesday
2023-01-12,Thursday
2023-01-13,Friday
2023-01-14,Saturday
2023-01-15,Sunday
2023-01-16,Monday
2023-01-17,Tuesday
2023-01-18,Wednesday
2023-01-19,Thursday
2023-01-20,Friday
2023-01-21,Saturday
2023-01-22,Sunday
2023-01-23,Monday
2023-01-24,Tuesday
2023-01-25,Wednesday
2023-01-26,Thursday
2023-01-27,Friday
2023-01-28,Saturday
2023-01-29,Sunday
2023-01-30,Monday
2023-01-31,Tuesday
2023-02-01,Wednesday
2023-02-02,Thursday
2023-02-03,Friday
2023-02-04,Saturday
2023-02-05,Sunday
2023-02-06,Monday
2023-02-07,Tuesday
2023-02-08,Wednesday
2023-02-09,Thursday
2023-02-10,Friday
2023-02-11,Saturday
2023-02-12,Sunday
2023-02-13,Monday
2023-02-14,Tuesday
2023-02-15,Wednesday
2023-02-16,Thursday
2023-02-17,Friday
2023-02-18,Saturday
2023-02-19,Sunday
2023-02-20,Monday
2023-02-21,Tuesday
2023-02-22,Wednesday
2023-02-23,Thursday
2023-02-24,Friday
2023-02-25,Saturday
2023-02-26,Sunday
2023-02-27,Monday
2023-02-28,Tuesday
2023-03-01,Wednesday
2023-03-02,Thursday
2023-03-03,Friday
2023-03-04,Saturday
2023-03-05,Sunday
2023-03-06,Monday
2023-03-07,Tuesday
2023-03-08,Wednesday
2023-03-09,Thursday
2023-03-10,Friday
2023-03-11,Saturday
2023-03-12,Sunday
2023-03-13,Monday
2023-03-14,Tuesday
2023-03-15,Wednesday
2023-03-16,Thursday
2023-03-17,Friday
2023-03-18,Saturday
2023-03-19,Sunday
2023-03-20,Monday
2023-03-21,Tuesday
2023-03-22,Wednesday
2023-03-23,Thursday
2023-03-24,Friday
2023-03-25,Saturday
2023-03-26,Sunday
2023-03-27,Monday
2023-03-28,Tuesday
2023-03-29,Wednesday
2023-03-30,Thursday
2023-03-31,Friday
2023-04-01,Saturday
2023-04-02,Sunday
2023-04-03,Monday
2023-04-04,Tuesday
2023-04-05,Wednesday
2023-04-06,Thursday
2023-04-07,Friday
2023-04-08,Saturday
2023-04-09,Sunday
2023-04-10,Monday
2023-04-11,Tuesday
2023-04-12,Wednesday
2023-04-13,Thursday
2023-04-14,Friday
2023-04-15,Saturday
2023-04-16,Sunday
2023-04-17,Monday
2023-04-18,Tuesday
2023-04-19,Wednesday
2023-04-20,Thursday
2023-04-21,Friday
2023-04-22,Saturday
2023-04-23,Sunday
2023-04-24,Monday
2023-04-25,Tuesday
2023-04-26,Wednesday
2023-04-27,Thursday
2023-04-28,Friday
2023-04-29,Saturday
2023-04-30,Sunday
2023-05-01,Monday
2023-05-02,Tuesday
2023-05-03,Wednesday
2023-05-04,Thursday
2023-05-05,Friday
2023-05-06,Saturday
2023-05-07,Sunday
2023-05-08,Monday
2023-05-09,Tuesday
2023-05-10,Wednesday
2023-05-11,Thursday
2023-05-12,Friday
2023-05-13,Saturday
2023-05-14,Sunday
2023-05-15,Monday
2023-05-16,Tuesday
2023-05-17,Wednesday
2023-05-18,Thursday
2023-05-19,Friday
2023-05-20,Saturday
2023-05-21,Sunday
2023-05-22,Monday
2023-05-23,Tuesday
2023-05-24,Wednesday
2023-05-25,Thursday
2023-05-26,Friday
2023-05-27,Saturday
2023-05-28,Sunday
2023-05-29,Monday
2023-05-30,Tuesday
2023-05-31,Wednesday
2023-06-01,Thursday
2023-06-02,Friday
2023-06-03,Saturday
2023-06-04,Sunday
2023-06-05,Monday
2023-06-06,Tuesday
2023-06-07,Wednesday
2023-06-08,Thursday
2023-06-09,Friday
2023-06-10,Saturday
2023-06-11,Sunday
2023-06-12,Monday
2023-06-13,Tuesday
2023-06-14,Wednesday
2023-06-15,Thursday
2023-06-16,Friday
2023-06-17,Saturday
2023-06-18,Sunday
2023-06-19,Monday
2023-06-20,Tuesday
2023-06-21,Wednesday
2023-06-22,Thursday
2023-06-23,Friday
2023-06-24,Saturday
2023-06-25,Sunday
2023-06-26,Monday
2023-06-27,Tuesday
2023-06-28,Wednesday
2023-06-29,Thursday
2023-06-30,Friday
2023-07-01,Saturday
2023-07-02,Sunday
2023-07-03,Monday
2023-07-04,Tuesday
2023-07-05,Wednesday
2023-07-06,Thursday
2023-07-07,Friday
2023-07-08,Saturday
2023-07-09,Sunday
2023-07-10,Monday
2023-07-11,Tuesday
2023-07-12,Wednesday
2023-07-13,Thursday
2023-07-14,Friday
2023-07-15,Saturday
2023-07-16,Sunday
2023-07-17,Monday
2023-07-18,Tuesday
2023-07-19,Wednesday
2023-07-20,Thursday
2023-07-21,Friday
2023-07-22,Saturday
2023-07-23,Sunday
2023-07-24,Monday
2023-07-25,Tuesday
2023-07-26,Wednesday
2023-07-27,Thursday
2023-07-28,Friday
2023-07-29,Saturday
2023-07-30,Sunday
2023-07-31,Monday
2023-08-01,Tuesday
2023-08-02,Wednesday
2023-08-03,Thursday
2023-08-04,Friday
2023-08-05,Saturday
2023-08-06,Sunday
2023-08-07,Monday
2023-08-08,Tuesday
2023-08-09,Wednesday
2023-08-10,Thursday
2023-08-11,Friday
2023-08-12,Saturday
2023-08-13,Sunday
2023-08-14,Monday
2023-08-15,Tuesday
2023-08-16,Wednesday
2023-08-17,Thursday
2023-08-18,Friday
2023-08-19,Saturday
2023-08-20,Sunday
2023-08-21,Monday
2023-08-22,Tuesday
2023-08-23,Wednesday
2023-08-24,Thursday
2023-08-25,Friday
2023-08-26,Saturday
2023-08-27,Sunday
2023-08-28,Monday
2023-08-29,Tuesday
2023-08-30,Wednesday
2023-08-31,Thursday
2023-09-01,Friday
2023-09-02,Saturday
2023-09-03,Sunday
2023-09-04,Monday
2023-09-05,Tuesday
2023-09-06,Wednesday
2023-09-07,Thursday
2023-09-08,Friday
2023-09-09,Saturday
2023-09-10,Sunday
2023-09-11,Monday
2023-09-12,Tuesday
2023-09-13,Wednesday
2023-09-14,Thursday
2023-09-15,Friday
2023-09-16,Saturday
2023-09-17,Sunday
2023-09-18,Monday
2023-09-19,Tuesday
2023-09-20,Wednesday
2023-09-21,Thursday
2023-09-22,Friday
2023-09-23,Saturday
2023-09-24,Sunday
2023-09-25,Monday
2023-09-26,Tuesday
2023-09-27,Wednesday
2023-09-28,Thursday
2023-09-29,Friday
2023-09-30,Saturday
2023-10-01,Sunday
2023-10-02,Monday
2023-10-03,Tuesday
2023-10-04,Wednesday
2023-10-05,Thursday
2023-10-06,Friday
2023-10-07,Saturday
2023-10-08,Sunday
2023-10-09,Monday
2023-10-10,Tuesday
2023-10-11,Wednesday
2023-10-12,Thursday
2023-10-13,Friday
2023-10-14,Saturday
2023-10-15,Sunday
2023-10-16,Monday
2023-10-17,Tuesday
2023-10-18,Wednesday
2023-10-19,Thursday
2023-10-20,Friday
2023-10-21,Saturday
2023-10-22,Sunday
2023-10-23,Monday
2023-10-24,Tuesday
2023-10-25,Wednesday
2023-10-26,Thursday
2023-10-27,Friday
2023-10-28,Saturday
2023-10-29,Sunday
2023-10-30,Monday
2023-10-31,Tuesday
2023-11-01,Wednesday
2023-11-02,Thursday
2023-11-03,Friday
2023-11-04,Saturday
2023-11-05,Sunday
2023-11-06,Monday
2023-11-07,Tuesday
2023-11-08,Wednesday
2023-11-09,Thursday
2023-11-10,Friday
2023-11-11,Saturday
2023-11-12,Sunday
2023-11-13,Monday
2023-11-14,Tuesday
2023-11-15,Wednesday
2023-11-16,Thursday
2023-11-17,Friday
2023-11-18,Saturday
2023-11-19,Sunday
2023-11-20,Monday
2023-11-21,Tuesday
2023-11-22,Wednesday
2023-11-23,Thursday
2023-11-24,Friday
2023-11-25,Saturday
2023-11-26,Sunday
2023-11-27,Monday
2023-11-28,Tuesday
2023-11-29,Wednesday
2023-11-30,Thursday
2023-12-01,Friday
2023-12-02,Saturday
2023-12-03,Sunday
2023-12-04,Monday
2023-12-05,Tuesday
2023-12-06,Wednesday
2023-12-07,Thursday
2023-12-08,Friday
2023-12-09,Saturday
2023-12-10,Sunday
2023-12-11,Monday
2023-12-12,Tuesday
2023-12-13,Wednesday
2023-12-14,Thursday
2023-12-15,Friday
2023-12-16,Saturday
2023-12-17,Sunday
2023-12-18,Monday
2023-12-19,Tuesday
2023-12-20,Wednesday
2023-12-21,Thursday
2023-12-22,Friday
2023-12-23,Saturday
2023-12-24,Sunday
2023-12-25,Monday
2023-12-26,Tuesday
2023-12-27,Wednesday
2023-12-28,Thursday
2023-12-29,Friday
2023-12-30,Saturday
2023-12-31,Sunday
2024-01-01,Monday
2024-01-02,Tuesday
2024-01-03,Wednesday
2024-01-04,Thursday
2024-01-05,Friday
2024-01-06,Saturday
2024-01-07,Sunday
2024-01-08,Monday
2024-01-09,Tuesday
2024-01-10,Wednesday
2024-01-11,Thursday
2024-01-12,Friday
2024-01-13,Saturday
2024-01-14,Sunday
2024-01-15,Monday
2024-01-16,Tuesday
2024-01-17,Wednesday
2024-01-18,Thursday
2024-01-19,Friday
2024-01-20,Saturday
2024-01-21,Sunday
2024-01-22,Monday
2024-01-23,Tuesday
2024-01-24,Wednesday
2024-01-25,Thursday
2024-01-26,Friday
2024-01-27,Saturday
2024-01-28,Sunday
2024-01-29,Monday
2024-01-30,Tuesday
2024-01-31,Wednesday
2024-02-01,Thursday
2024-02-02,Friday
2024-02-03,Saturday
2024-02-04,Sunday
2024-02-05,Monday
2024-02-06,Tuesday
2024-02-07,Wednesday
2024-02-08,Thursday
2024-02-09,Friday
2024-02-10,Saturday
2024-02-11,Sunday
2024-02-12,Monday
2024-02-13,Tuesday
2024-02-14,Wednesday
2024-02-15,Thursday
2024-02-16,Friday
2024-02-17,Saturday
2024-02-18,Sunday
2024-02-19,Monday
2024-02-20,Tuesday
2024-02-21,Wednesday
2024-02-22,Thursday
2024-02-23,Friday
2024-02-24,Saturday
2024-02-25,Sunday
2024-02-26,Monday
2024-02-27,Tuesday
2024-02-28,Wednesday
2024-02-29,Thursday
2024-03-01,Friday
2024-03-02,Saturday
2024-03-03,Sunday
2024-03-04,Monday
2024-03-05,Tuesday
2024-03-06,Wednesday
2024-03-07,Thursday
2024-03-08,Friday
2024-03-09,Saturday
2024-03-10,Sunday
2024-03-11,Monday
2024-03-12,Tuesday
2024-03-13,Wednesday
2024-03-14,Thursday
2024-03-15,Friday
2024-03-16,Saturday
2024-03-17,Sunday
2024-03-18,Monday
2024-03-19,Tuesday
2024-03-20,Wednesday
2024-03-21,Thursday
2024-03-22,Friday
2024-03-23,Saturday
2024-03-24,Sunday
2024-03-25,Monday
2024-03-26,Tuesday
2024-03-27,Wednesday
2024-03-28,Thursday
2024-03-29,Friday
2024-03-30,Saturday
2024-03-31,Sunday
2024-04-01,Monday
2024-04-02,Tuesday
2024-04-03,Wednesday
2024-04-04,Thursday
2024-04-05,Friday
2024-04-06,Saturday
2024-04-07,Sunday
2024-04-08,Monday
2024-04-09,Tuesday
2024-04-10,Wednesday
2024-04-11,Thursday
2024-04-12,Friday
2024-04-13,Saturday
2024-04-14,Sunday
2024-04-15,Monday
2024-04-16,Tuesday
2024-04-17,Wednesday
2024-04-18,Thursday
2024-04-19,Friday
2024-04-20,Saturday
2024-04-21,Sunday
2024-04-22,Monday
2024-04-23,Tuesday
2024-04-24,Wednesday
2024-04-25,Thursday
2024-04-26,Friday
2024-04-27,Saturday
2024-04-28,Sunday
2024-04-29,Monday
2024-04-30,Tuesday
2024-05-01,Wednesday
2024-05-02,Thursday
2024-05-03,Friday
2024-05-04,Saturday
2024-05-05,Sunday
2024-05-06,Monday
2024-05-07,Tuesday
2024-05-08,Wednesday
2024-05-09,Thursday
2024-05-10,Friday
2024-05-11,Saturday
2024-05-12,Sunday
2024-05-13,Monday
2024-05-14,Tuesday
2024-05-15,Wednesday
2024-05-16,Thursday
2024-05-17,Friday
2024-05-18,Saturday
2024-05-19,Sunday
2024-05-20,Monday
2024-05-21,Tuesday
2024-05-22,Wednesday
2024-05-23,Thursday
2024-05-24,Friday
2024-05-25,Saturday
2024-05-26,Sunday
2024-05-27,Monday
2024-05-28,Tuesday
2024-05-29,Wednesday
2024-05-30,Thursday
2024-05-31,Friday
2024-06-01,Saturday
2024-06-02,Sunday
2024-06-03,Monday
2024-06-04,Tuesday
2024-06-05,Wednesday
2024-06-06,Thursday
2024-06-07,Friday
2024-06-08,Saturday
2024-06-09,Sunday
2024-06-10,Monday
2024-06-11,Tuesday
2024-06-12,Wednesday
2024-06-13,Thursday
2024-06-14,Friday
2024-06-15,Saturday
2024-06-16,Sunday
2024-06-17,Monday
2024-06-18,Tuesday
2024-06-19,Wednesday
2024-06-20,Thursday
2024-06-21,Friday
2024-06-22,Saturday
2024-06-23,Sunday
2024-06-24,Monday
2024-06-25,Tuesday
2024-06-26,Wednesday
2024-06-27,Thursday
2024-06-28,Friday
2024-06-29,Saturday
2024-06-30,Sunday
2024-07-01,Monday
2024-07-02,Tuesday
2024-07-03,Wednesday
2024-07-04,Thursday
2024-07-05,Friday
2024-07-06,Saturday
2024-07-07,Sunday
2024-07-08,Monday
2024-07-09,Tuesday
2024-07-10,Wednesday
2024-07-11,Thursday
2024-07-12,Friday
2024-07-13,Saturday
2024-07-14,Sunday
2024-07-15,Monday
2024-07-16,Tuesday
2024-07-17,Wednesday
2024-07-18,Thursday
2024-07-19,Friday
2024-07-20,Saturday
2024-07-21,Sunday
2024-07-22,Monday
2024-07-23,Tuesday
2024-07-24,Wednesday
2024-07-25,Thursday
2024-07-26,Friday
2024-07-27,Saturday
2024-07-28,Sunday
2024-07-29,Monday
2024-07-30,Tuesday
2024-07-31,Wednesday
2024-08-01,Thursday
2024-08-02,Friday
2024-08-03,Saturday
2024-08-04,Sunday
2024-08-05,Monday
2024-08-06,Tuesday
2024-08-07,Wednesday
2024-08-08,Thursday
2024-08-09,Friday
2024-08-10,Saturday
2024-08-11,Sunday
2024-08-12,Monday
2024-08-13,Tuesday
2024-08-14,Wednesday
2024-08-15,Thursday
2024-08-16,Friday
2024-08-17,Saturday
2024-08-18,Sunday
2024-08-19,Monday
2024-08-20,Tuesday
2024-08-21,Wednesday
2024-08-22,Thursday
2024-08-23,Friday
2024-08-24,Saturday
2024-08-25,Sunday
2024-08-26,Monday
2024-08-27,Tuesday
2024-08-28,Wednesday
2024-08-29,Thursday
2024-08-30,Friday
2024-08-31,Saturday
2024-09-01,Sunday
2024-09-02,Monday
2024-09-03,Tuesday
2024-09-04,Wednesday
2024-09-05,Thursday
2024-09-06,Friday
2024-09-07,Saturday
2024-09-08,Sunday
2024-09-09,Monday
2024-09-10,Tuesday
2024-09-11,Wednesday
2024-09-12,Thursday
2024-09-13,Friday
2024-09-14,Saturday
2024-09-15,Sunday
2024-09-16,Monday
2024-09-17,Tuesday
2024-09-18,Wednesday
2024-09-19,Thursday
2024-09-20,Friday
2024-09-21,Saturday
2024-09-22,Sunday
2024-09-23,Monday
2024-09-24,Tuesday
2024-09-25,Wednesday
2024-09-26,Thursday
2024-09-27,Friday
2024-09-28,Saturday
2024-09-29,Sunday
2024-09-30,Monday
2024-10-01,Tuesday
2024-10-02,Wednesday
2024-10-03,Thursday
2024-10-04,Friday
2024-10-05,Saturday
2024-10-06,Sunday
2024-10-07,Monday
2024-10-08,Tuesday
2024-10-09,Wednesday
2024-10-10,Thursday
2024-10-11,Friday
2024-10-12,Saturday
2024-10-13,Sunday
2024-10-14,Monday
2024-10-15,Tuesday
2024-10-16,Wednesday
2024-10-17,Thursday
2024-10-18,Friday
2024-10-19,Saturday
2024-10-20,Sunday
2024-10-21,Monday
2024-10-22,Tuesday
2024-10-23,Wednesday
2024-10-24,Thursday
2024-10-25,Friday
2024-10-26,Saturday
2024-10-27,Sunday
2024-10-28,Monday
2024-10-29,Tuesday
2024-10-30,Wednesday
2024-10-31,Thursday
2024-11-01,Friday
2024-11-02,Saturday
2024-11-03,Sunday
2024-11-04,Monday
2024-11-05,Tuesday
2024-11-06,Wednesday
2024-11-07,Thursday
2024-11-08,Friday
2024-11-09,Saturday
2024-11-10,Sunday
2024-11-11,Monday
2024-11-12,Tuesday
2024-11-13,Wednesday
2024-11-14,Thursday
2024-11-15,Friday
2024-11-16,Saturday
2024-11-17,Sunday
2024-11-18,Monday
2024-11-19,Tuesday
2024-11-20,Wednesday
2024-11-21,Thursday
2024-11-22,Friday
2024-11-23,Saturday
2024-11-24,Sunday
2024-11-25,Monday
2024-11-26,Tuesday
2024-11-27,Wednesday
2024-11-28,Thursday
2024-11-29,Friday
2024-11-30,Saturday
2024-12-01,Sunday
2024-12-02,Monday
2024-12-03,Tuesday
2024-12-04,Wednesday
2024-12-05,Thursday
2024-12-06,Friday
2024-12-07,Saturday
2024-12-08,Sunday
2024-12-09,Monday
2024-12-10,Tuesday
2024-12-11,Wednesday
2024-12-12,Thursday
2024-12-13,Friday
2024-12-14,Saturday
2024-12-15,Sunday
2024-12-16,Monday
2024-12-17,Tuesday
2024-12-18,Wednesday
2024-12-19,Thursday
2024-12-20,Friday
2024-12-21,Saturday
2024-12-22,Sunday
2024-12-23,Monday
2024-12-24,Tuesday
2024-12-25,Wednesday
2024-12-26,Thursday
2024-12-27,Friday
2024-12-28,Saturday
2024-12-29,Sunday
2024-12-30,Monday
2024-12-31,Tuesday
2025-01-01,Wednesday
2025-01-02,Thursday
2025-01-03,Friday
2025-01-04,Saturday
2025-01-05,Sunday
2025-01-06,Monday
2025-01-07,Tuesday
2025-01-08,Wednesday
2025-01-09,Thursday
2025-01-10,Friday
2025-01-11,Saturday
2025-01-12,Sunday
2025-01-13,Monday
2025-01-14,Tuesday
2025-01-15,Wednesday
2025-01-16,Thursday
2025-01-17,Friday
2025-01-18,Saturday
2025-01-19,Sunday
2025-01-20,Monday
2025-01-21,Tuesday
2025-01-22,Wednesday
2025-01-23,Thursday
2025-01-24,Friday
2025-01-25,Saturday
2025-01-26,Sunday
2025-01-27,Monday
2025-01-28,Tuesday
2025-01-29,Wednesday
2025-01-30,Thursday
2025-01-31,Friday
2025-02-01,Saturday
2025-02-02,Sunday
2025-02-03,Monday
2025-02-04,Tuesday
2025-02-05,Wednesday
2025-02-06,Thursday
2025-02-07,Friday
2025-02-08,Saturday
2025-02-09,Sunday
2025-02-10,Monday
2025-02-11,Tuesday
2025-02-12,Wednesday
2025-02-13,Thursday
2025-02-14,Friday
2025-02-15,Saturday
2025-02-16,Sunday
2025-02-17,Monday
2025-02-18,Tuesday
2025-02-19,Wednesday
2025-02-20,Thursday
2025-02-21,Friday
2025-02-22,Saturday
2025-02-23,Sunday
2025-02-24,Monday
2025-02-25,Tuesday
2025-02-26,Wednesday
2025-02-27,Thursday
2025-02-28,Friday
2025-03-01,Saturday
2025-03-02,Sunday
2025-03-03,Monday
2025-03-04,Tuesday
2025-03-05,Wednesday
2025-03-06,Thursday
2025-03-07,Friday
2025-03-08,Saturday
2025-03-09,Sunday
2025-03-10,Monday
2025-03-11,Tuesday
2025-03-12,Wednesday
2025-03-13,Thursday
2025-03-14,Friday
2025-03-15,Saturday
2025-03-16,Sunday
2025-03-17,Monday
2025-03-18,Tuesday
2025-03-19,Wednesday
2025-03-20,Thursday
2025-03-21,Friday
2025-03-22,Saturday
2025-03-23,Sunday
2025-03-24,Monday
2025-03-25,Tuesday
2025-03-26,Wednesday
2025-03-27,Thursday
2025-03-28,Friday
2025-03-29,Saturday
2025-03-30,Sunday
2025-03-31,Monday
2025-04-01,Tuesday
2025-04-02,Wednesday
2025-04-03,Thursday
2025-04-04,Friday
2025-04-05,Saturday
2025-04-06,Sunday
2025-04-07,Monday
2025-04-08,Tuesday
2025-04-09,Wednesday
2025-04-10,Thursday
2025-04-11,Friday
2025-04-12,Saturday
2025-04-13,Sunday
2025-04-14,Monday
2025-04-15,Tuesday
2025-04-16,Wednesday
2025-04-17,Thursday
2025-04-18,Friday
2025-04-19,Saturday
2025-04-20,Sunday
2025-04-21,Monday
2025-04-22,Tuesday
2025-04-23,Wednesday
2025-04-24,Thursday
2025-04-25,Friday
2025-04-26,Saturday
2025-04-27,Sunday
2025-04-28,Monday
2025-04-29,Tuesday
2025-04-30,Wednesday
2025-05-01,Thursday
2025-05-02,Friday
2025-05-03,Saturday
2025-05-04,Sunday
2025-05-05,Monday
2025-05-06,Tuesday
2025-05-07,Wednesday
2025-05-08,Thursday
2025-05-09,Friday
2025-05-10,Saturday
2025-05-11,Sunday
2025-05-12,Monday
2025-05-13,Tuesday
2025-05-14,Wednesday
2025-05-15,Thursday
2025-05-16,Friday
2025-05-17,Saturday
2025-05-18,Sunday
2025-05-19,Monday
2025-05-20,Tuesday
2025-05-21,Wednesday
2025-05-22,Thursday
2025-05-23,Friday
2025-05-24,Saturday
2025-05-25,Sunday
2025-05-26,Monday
2025-05-27,Tuesday
2025-05-28,Wednesday
2025-05-29,Thursday
2025-05-30,Friday
2025-05-31,Saturday
2025-06-01,Sunday
2025-06-02,Monday
2025-06-03,Tuesday
2025-06-04,Wednesday
2025-06-05,Thursday
2025-06-06,Friday
2025-06-07,Saturday
2025-06-08,Sunday
2025-06-09,Monday
2025-06-10,Tuesday
2025-06-11,Wednesday
2025-06-12,Thursday
2025-06-13,Friday
2025-06-14,Saturday
2025-06-15,Sunday
2025-06-16,Monday
2025-06-17,Tuesday
2025-06-18,Wednesday
2025-06-19,Thursday
2025-06-20,Friday
2025-06-21,Saturday
2025-06-22,Sunday
2025-06-23,Monday
2025-06-24,Tuesday
2025-06-25,Wednesday
2025-06-26,Thursday
2025-06-27,Friday
2025-06-28,Saturday
2025-06-29,Sunday
2025-06-30,Monday
2025-07-01,Tuesday
2025-07-02,Wednesday
2025-07-03,Thursday
2025-07-04,Friday
2025-07-05,Saturday
2025-07-06,Sunday
2025-07-07,Monday
2025-07-08,Tuesday
2025-07-09,Wednesday
2025-07-10,Thursday
2025-07-11,Friday
2025-07-12,Saturday
2025-07-13,Sunday
2025-07-14,Monday
2025-07-15,Tuesday
2025-07-16,Wednesday
2025-07-17,Thursday
2025-07-18,Friday
2025-07-19,Saturday
2025-07-20,Sunday
2025-07-21,Monday
2025-07-22,Tuesday
2025-07-23,Wednesday
2025-07-24,Thursday
2025-07-25,Friday
2025-07-26,Saturday
2025-07-27,Sunday
2025-07-28,Monday
2025-07-29,Tuesday
2025-07-30,Wednesday
2025-07-31,Thursday
2025-08-01,Friday
2025-08-02,Saturday
2025-08-03,Sunday
2025-08-04,Monday
2025-08-05,Tuesday
2025-08-06,Wednesday
2025-08-07,Thursday
2025-08-08,Friday
2025-08-09,Saturday
2025-08-10,Sunday
2025-08-11,Monday
2025-08-12,Tuesday
2025-08-13,Wednesday
2025-08-14,Thursday
2025-08-15,Friday
2025-08-16,Saturday
2025-08-17,Sunday
2025-08-18,Monday
2025-08-19,Tuesday
2025-08-20,Wednesday
2025-08-21,Thursday
2025-08-22,Friday
2025-08-23,Saturday
2025-08-24,Sunday
2025-08-25,Monday
2025-08-26,Tuesday
2025-08-27,Wednesday
2025-08-28,Thursday
2025-08-29,Friday
2025-08-30,Saturday
2025-08-31,Sunday
2025-09-01,Monday
2025-09-02,Tuesday
2025-09-03,Wednesday
2025-09-04,Thursday
2025-09-05,Friday
2025-09-06,Saturday
2025-09-07,Sunday
2025-09-08,Monday
2025-09-09,Tuesday
2025-09-10,Wednesday
2025-09-11,Thursday
2025-09-12,Friday
2025-09-13,Saturday
2025-09-14,Sunday
2025-09-15,Monday
2025-09-16,Tuesday
2025-09-17,Wednesday
2025-09-18,Thursday
2025-09-19,Friday
2025-09-20,Saturday
2025-09-21,Sunday
2025-09-22,Monday
2025-09-23,Tuesday
2025-09-24,Wednesday
2025-09-25,Thursday
2025-09-26,Friday
2025-09-27,Saturday
2025-09-28,Sunday
2025-09-29,Monday
2025-09-30,Tuesday
2025-10-01,Wednesday
2025-10-02,Thursday
2025-10-03,Friday
2025-10-04,Saturday
2025-10-05,Sunday
2025-10-06,Monday
2025-10-07,Tuesday
2025-10-08,Wednesday
2025-10-09,Thursday
2025-10-10,Friday
2025-10-11,Saturday
2025-10-12,Sunday
2025-10-13,Monday
2025-10-14,Tuesday
2025-10-15,Wednesday
2025-10-16,Thursday
2025-10-17,Friday
2025-10-18,Saturday
2025-10-19,Sunday
2025-10-20,Monday
2025-10-21,Tuesday
2025-10-22,Wednesday
2025-10-23,Thursday
2025-10-24,Friday
2025-10-25,Saturday
2025-10-26,Sunday
2025-10-27,Monday
2025-10-28,Tuesday
2025-10-29,Wednesday
2025-10-30,Thursday
2025-10-31,Friday
2025-11-01,Saturday
2025-11-02,Sunday
2025-11-03,Monday
2025-11-04,Tuesday
2025-11-05,Wednesday
2025-11-06,Thursday
2025-11-07,Friday
2025-11-08,Saturday
2025-11-09,Sunday
2025-11-10,Monday
2025-11-11,Tuesday
2025-11-12,Wednesday
2025-11-13,Thursday
2025-11-14,Friday
2025-11-15,Saturday
2025-11-16,Sunday
2025-11-17,Monday
2025-11-18,Tuesday
2025-11-19,Wednesday
2025-11-20,Thursday
2025-11-21,Friday
2025-11-22,Saturday
2025-11-23,Sunday
2025-11-24,Monday
2025-11-25,Tuesday
2025-11-26,Wednesday
2025-11-27,Thursday
2025-11-28,Friday
2025-11-29,Saturday
2025-11-30,Sunday
2025-12-01,Monday
2025-12-02,Tuesday
2025-12-03,Wednesday
2025-12-04,Thursday
2025-12-05,Friday
2025-12-06,Saturday
2025-12-07,Sunday
2025-12-08,Monday
2025-12-09,Tuesday
2025-12-10,Wednesday
2025-12-11,Thursday
2025-12-12,Friday
2025-12-13,Saturday
2025-12-14,Sunday
2025-12-15,Monday
2025-12-16,Tuesday
2025-12-17,Wednesday
2025-12-18,Thursday
2025-12-19,Friday
2025-12-20,Saturday
2025-12-21,Sunday
2025-12-22,Monday
2025-12-23,Tuesday
2025-12-24,Wednesday
2025-12-25,Thursday
2025-12-26,Friday
2025-12-27,Saturday
2025-12-28,Sunday
2025-12-29,Monday
2025-12-30,Tuesday
2025-12-31,Wednesday
2026-01-01,Thursday
2026-01-02,Friday
2026-01-03,Saturday
2026-01-04,Sunday
2026-01-05,Monday
2026-01-06,Tuesday
2026-01-07,Wednesday
2026-01-08,Thursday
2026-01-09,Friday
2026-01-10,Saturday
2026-01-11,Sunday
2026-01-12,Monday
2026-01-13,Tuesday
2026-01-14,Wednesday
2026-01-15,Thursday
2026-01-16,Friday
2026-01-17,Saturday
2026-01-18,Sunday
2026-01-19,Monday
2026-01-20,Tuesday
2026-01-21,Wednesday
2026-01-22,Thursday
2026-01-23,Friday
2026-01-24,Saturday
2026-01-25,Sunday
2026-01-26,Monday
2026-01-27,Tuesday
2026-01-28,Wednesday
2026-01-29,Thursday
2026-01-30,Friday
2026-01-31,Saturday
2026-02-01,Sunday
2026-02-02,Monday
2026-02-03,Tuesday
2026-02-04,Wednesday
2026-02-05,Thursday
2026-02-06,Friday
2026-02-07,Saturday
2026-02-08,Sunday
2026-02-09,Monday
2026-02-10,Tuesday
2026-02-11,Wednesday
2026-02-12,Thursday
2026-02-13,Friday
2026-02-14,Saturday
2026-02-15,Sunday
2026-02-16,Monday
2026-02-17,Tuesday
2026-02-18,Wednesday
2026-02-19,Thursday
2026-02-20,Friday
2026-02-21,Saturday
2026-02-22,Sunday
2026-02-23,Monday
2026-02-24,Tuesday
2026-02-25,Wednesday
2026-02-26,Thursday
2026-02-27,Friday
2026-02-28,Saturday
2026-03-01,Sunday
2026-03-02,Monday
2026-03-03,Tuesday
2026-03-04,Wednesday
2026-03-05,Thursday
2026-03-06,Friday
2026-03-07,Saturday
2026-03-08,Sunday
2026-03-09,Monday
2026-03-10,Tuesday
2026-03-11,Wednesday
2026-03-12,Thursday
2026-03-13,Friday
2026-03-14,Saturday
2026-03-15,Sunday
2026-03-16,Monday
2026-03-17,Tuesday
2026-03-18,Wednesday
2026-03-19,Thursday
2026-03-20,Friday
2026-03-21,Saturday
2026-03-22,Sunday
2026-03-23,Monday
2026-03-24,Tuesday
2026-03-25,Wednesday
2026-03-26,Thursday
2026-03-27,Friday
2026-03-28,Saturday
2026-03-29,Sunday
2026-03-30,Monday
2026-03-31,Tuesday
2026-04-01,Wednesday
2026-04-02,Thursday
2026-04-03,Friday
2026-04-04,Saturday
2026-04-05,Sunday
2026-04-06,Monday
2026-04-07,Tuesday
2026-04-08,Wednesday
2026-04-09,Thursday
2026-04-10,Friday
2026-04-11,Saturday
2026-04-12,Sunday
2026-04-13,Monday
2026-04-14,Tuesday
2026-04-15,Wednesday
2026-04-16,Thursday
2026-04-17,Friday
2026-04-18,Saturday
2026-04-19,Sunday
2026-04-20,Monday
2026-04-21,Tuesday
2026-04-22,Wednesday
2026-04-23,Thursday
2026-04-24,Friday
2026-04-25,Saturday
2026-04-26,Sunday
2026-04-27,Monday
2026-04-28,Tuesday
2026-04-29,Wednesday
2026-04-30,Thursday
2026-05-01,Friday
2026-05-02,Saturday
2026-05-03,Sunday
2026-05-04,Monday
2026-05-05,Tuesday
2026-05-06,Wednesday
2026-05-07,Thursday
2026-05-08,Friday
2026-05-09,Saturday
2026-05-10,Sunday
2026-05-11,Monday
2026-05-12,Tuesday
2026-05-13,Wednesday
2026-05-14,Thursday
2026-05-15,Friday
2026-05-16,Saturday
2026-05-17,Sunday
2026-05-18,Monday
2026-05-19,Tuesday
2026-05-20,Wednesday
2026-05-21,Thursday
2026-05-22,Friday
2026-05-23,Saturday
2026-05-24,Sunday
2026-05-25,Monday
2026-05-26,Tuesday
2026-05-27,Wednesday
2026-05-28,Thursday
2026-05-29,Friday
2026-05-30,Saturday
2026-05-31,Sunday
2026-06-01,Monday
2026-06-02,Tuesday
2026-06-03,Wednesday
2026-06-04,Thursday
2026-06-05,Friday
2026-06-06,Saturday
2026-06-07,Sunday
2026-06-08,Monday
2026-06-09,Tuesday
2026-06-10,Wednesday
2026-06-11,Thursday
2026-06-12,Friday
2026-06-13,Saturday
2026-06-14,Sunday
2026-06-15,Monday
2026-06-16,Tuesday
2026-06-17,Wednesday
2026-06-18,Thursday
2026-06-19,Friday
2026-06-20,Saturday
2026-06-21,Sunday
2026-06-22,Monday
2026-06-23,Tuesday
2026-06-24,Wednesday
2026-06-25,Thursday
2026-06-26,Friday
2026-06-27,Saturday
2026-06-28,Sunday
2026-06-29,Monday
2026-06-30,Tuesday
2026-07-01,Wednesday
2026-07-02,Thursday
2026-07-03,Friday
2026-07-04,Saturday
2026-07-05,Sunday
2026-07-06,Monday
2026-07-07,Tuesday
2026-07-08,Wednesday
2026-07-09,Thursday
2026-07-10,Friday
2026-07-11,Saturday
2026-07-12,Sunday
2026-07-13,Monday
2026-07-14,Tuesday
2026-07-15,Wednesday
2026-07-16,Thursday
2026-07-17,Friday
2026-07-18,Saturday
2026-07-19,Sunday
2026-07-20,Monday
2026-07-21,Tuesday
2026-07-22,Wednesday
2026-07-23,Thursday
2026-07-24,Friday
2026-07-25,Saturday
2026-07-26,Sunday
2026-07-27,Monday
2026-07-28,Tuesday
2026-07-29,Wednesday
2026-07-30,Thursday
2026-07-31,Friday
2026-08-01,Saturday
2026-08-02,Sunday
2026-08-03,Monday
2026-08-04,Tuesday
2026-08-05,Wednesday
2026-08-06,Thursday
2026-08-07,Friday
2026-08-08,Saturday
2026-08-09,Sunday
2026-08-10,Monday
2026-08-11,Tuesday
2026-08-12,Wednesday
2026-08-13,Thursday
2026-08-14,Friday
2026-08-15,Saturday
2026-08-16,Sunday
2026-08-17,Monday
2026-08-18,Tuesday
2026-08-19,Wednesday
2026-08-20,Thursday
2026-08-21,Friday
2026-08-22,Saturday
2026-08-23,Sunday
2026-08-24,Monday
2026-08-25,Tuesday
2026-08-26,Wednesday
2026-08-27,Thursday
2026-08-28,Friday
2026-08-29,Saturday
2026-08-30,Sunday
2026-08-31,Monday
2026-09-01,Tuesday
2026-09-02,Wednesday
2026-09-03,Thursday
2026-09-04,Friday
2026-09-05,Saturday
2026-09-06,Sunday
2026-09-07,Monday
2026-09-08,Tuesday
2026-09-09,Wednesday
2026-09-10,Thursday
2026-09-11,Friday
2026-09-12,Saturday
2026-09-13,Sunday
2026-09-14,Monday
2026-09-15,Tuesday
2026-09-16,Wednesday
2026-09-17,Thursday
2026-09-18,Friday
2026-09-19,Saturday
2026-09-20,Sunday
2026-09-21,Monday
2026-09-22,Tuesday
2026-09-23,Wednesday
2026-09-24,Thursday
2026-09-25,Friday
2026-09-26,Saturday
2026-09-27,Sunday
2026-09-28,Monday
2026-09-29,Tuesday
2026-09-30,Wednesday
2026-10-01,Thursday
2026-10-02,Friday
2026-10-03,Saturday
2026-10-04,Sunday
2026-10-05,Monday
2026-10-06,Tuesday
2026-10-07,Wednesday
2026-10-08,Thursday
2026-10-09,Friday
2026-10-10,Saturday
2026-10-11,Sunday
2026-10-12,Monday
2026-10-13,Tuesday
2026-10-14,Wednesday
2026-10-15,Thursday
2026-10-16,Friday
2026-10-17,Saturday
2026-10-18,Sunday
2026-10-19,Monday
2026-10-20,Tuesday
2026-10-21,Wednesday
2026-10-22,Thursday
2026-10-23,Friday
2026-10-24,Saturday
2026-10-25,Sunday
2026-10-26,Monday
2026-10-27,Tuesday
2026-10-28,Wednesday
2026-10-29,Thursday
2026-10-30,Friday
2026-10-31,Saturday
2026-11-01,Sunday
2026-11-02,Monday
2026-11-03,Tuesday
2026-11-04,Wednesday
2026-11-05,Thursday
2026-11-06,Friday
2026-11-07,Saturday
2026-11-08,Sunday
2026-11-09,Monday
2026-11-10,Tuesday
2026-11-11,Wednesday
2026-11-12,Thursday
2026-11-13,Friday
2026-11-14,Saturday
2026-11-15,Sunday
2026-11-16,Monday
2026-11-17,Tuesday
2026-11-18,Wednesday
2026-11-19,Thursday
2026-11-20,Friday
2026-11-21,Saturday
2026-11-22,Sunday
2026-11-23,Monday
2026-11-24,Tuesday
2026-11-25,Wednesday
2026-11-26,Thursday
2026-11-27,Friday
2026-11-28,Saturday
2026-11-29,Sunday
2026-11-30,Monday
2026-12-01,Tuesday
2026-12-02,Wednesday
2026-12-03,Thursday
2026-12-04,Friday
2026-12-05,Saturday
2026-12-06,Sunday
2026-12-07,Monday
2026-12-08,Tuesday
2026-12-09,Wednesday
2026-12-10,Thursday
2026-12-11,Friday
2026-12-12,Saturday
2026-12-13,Sunday
2026-12-14,Monday
2026-12-15,Tuesday
2026-12-16,Wednesday
2026-12-17,Thursday
2026-12-18,Friday
2026-12-19,Saturday
2026-12-20,Sunday
2026-12-21,Monday
2026-12-22,Tuesday
2026-12-23,Wednesday
2026-12-24,Thursday
2026-12-25,Friday
2026-12-26,Saturday
2026-12-27,Sunday
2026-12-28,Monday
2026-12-29,Tuesday
2026-12-30,Wednesday
2026-12-31,Thursday
